build,run,threads,cache,measured_chunks,durability,total_s,ops_s,evictions,eviction_forced_wal_flushes,wal_batch_flushes,checkpoints,s_per_eviction,ms_per_eviction,loaded_chunks,rss_baseline_bytes,rss_current_bytes,rss_bytes_per_resident_chunk,loaded_after_warmup,rss_after_warmup_bytes,rss_bytes_per_warm_chunk,warmup_s,close_s,fs,durable_sync,durable_sync_median_us
base,1,1,16384,5000,relaxed,0.7600,6578.59,5125,5125,5125,0,0.000148,0.148,16259,1753088,27967488,1612.3,16384,23642112,1336.0,0.093,0.000,apfs,fullfsync,3822.6
base,2,1,16384,5000,relaxed,0.7780,6426.87,5125,5125,5125,0,0.000152,0.152,16259,28000256,52428800,1502.5,16384,48267264,1237.0,0.068,0.000,apfs,fullfsync,3822.6
base,3,1,16384,5000,relaxed,0.7764,6440.06,5125,5125,5125,0,0.000151,0.151,16259,52445184,76447744,1476.3,16384,72417280,1219.0,0.070,0.000,apfs,fullfsync,3822.6
base,4,1,16384,5000,relaxed,0.7748,6453.69,5125,5125,5125,0,0.000151,0.151,16259,76447744,100040704,1451.1,16384,96059392,1197.0,0.069,0.000,apfs,fullfsync,3822.6
base,5,1,16384,5000,relaxed,0.7627,6555.93,5125,5125,5125,0,0.000149,0.149,16259,100057088,124092416,1478.3,16384,120045568,1220.0,0.068,0.000,apfs,fullfsync,3822.6
base,6,1,16384,5000,relaxed,0.7495,6670.69,5125,5125,5125,0,0.000146,0.146,16259,124092416,147881984,1463.2,16384,143884288,1208.0,0.067,0.000,apfs,fullfsync,3822.6
base,7,1,16384,5000,relaxed,0.7759,6444.12,5125,5125,5125,0,0.000151,0.151,16259,147881984,172654592,1523.6,16384,168673280,1269.0,0.085,0.000,apfs,fullfsync,3822.6
base,8,1,16384,5000,relaxed,0.7631,6552.38,5125,5125,5125,0,0.000149,0.149,16259,172654592,196214784,1449.1,16384,192249856,1196.0,0.070,0.000,apfs,fullfsync,3822.6
base,9,1,16384,5000,relaxed,0.7649,6537.01,5125,5125,5125,0,0.000149,0.149,16259,196214784,219856896,1454.1,16384,215859200,1199.0,0.069,0.000,apfs,fullfsync,3822.6
base,10,1,16384,5000,relaxed,0.7741,6459.08,5125,5125,5125,0,0.000151,0.151,16259,219856896,243761152,1470.2,16384,239828992,1219.0,0.071,0.000,apfs,fullfsync,3822.6
new,1,1,16384,5000,relaxed,0.7698,6495.11,5125,5125,5125,0,0.000150,0.150,16259,1769472,28000256,1613.3,16384,23609344,1333.0,0.071,0.000,apfs,fullfsync,3735.8
new,2,1,16384,5000,relaxed,0.7707,6487.48,5125,5125,5125,0,0.000150,0.150,16259,28000256,52183040,1487.3,16384,48087040,1226.0,0.066,0.000,apfs,fullfsync,3735.8
new,3,1,16384,5000,relaxed,0.7648,6537.86,5125,5125,5125,0,0.000149,0.149,16259,52183040,76218368,1478.3,16384,72105984,1216.0,0.069,0.000,apfs,fullfsync,3735.8
new,4,1,16384,5000,relaxed,0.7552,6620.91,5125,5125,5125,0,0.000147,0.147,16259,76218368,99778560,1449.1,16384,95764480,1193.0,0.067,0.000,apfs,fullfsync,3735.8
new,5,1,16384,5000,relaxed,0.8130,6150.21,5125,5125,5125,0,0.000159,0.159,16259,99778560,123781120,1476.3,16384,119734272,1218.0,0.067,0.000,apfs,fullfsync,3735.8
new,6,1,16384,5000,relaxed,0.7605,6574.69,5125,5125,5125,0,0.000148,0.148,16259,123781120,148209664,1502.5,16384,144162816,1244.0,0.069,0.000,apfs,fullfsync,3735.8
new,7,1,16384,5000,relaxed,0.7614,6566.56,5125,5125,5125,0,0.000149,0.149,16259,148209664,171999232,1463.2,16384,168001536,1208.0,0.074,0.000,apfs,fullfsync,3735.8
new,8,1,16384,5000,relaxed,0.7602,6577.12,5125,5125,5125,0,0.000148,0.148,16259,171999232,195788800,1463.2,16384,191741952,1205.0,0.068,0.000,apfs,fullfsync,3735.8
new,9,1,16384,5000,relaxed,0.7746,6455.03,5125,5125,5125,0,0.000151,0.151,16259,195788800,219971584,1487.3,16384,215990272,1233.0,0.068,0.000,apfs,fullfsync,3735.8
new,10,1,16384,5000,relaxed,0.7726,6471.48,5125,5125,5125,0,0.000151,0.151,16259,219971584,243597312,1453.1,16384,239665152,1202.0,0.069,0.000,apfs,fullfsync,3735.8
