base,run,threads,cache,measured_chunks,durability,total_s,ops_s,evictions,eviction_forced_wal_flushes,wal_batch_flushes,checkpoints,s_per_eviction,ms_per_eviction,loaded_chunks,rss_baseline_bytes,rss_current_bytes,rss_bytes_per_resident_chunk,loaded_after_warmup,rss_after_warmup_bytes,rss_bytes_per_warm_chunk,warmup_s,close_s,fs,durable_sync,durable_sync_median_us
base,1,1,16384,5000,relaxed,0.7798,6411.54,5125,5125,5125,0,0.000152,0.152,16259,1785856,28934144,1669.7,16384,24100864,1362.0,0.102,0.000,apfs,fullfsync,3097.5
base,2,1,16384,5000,relaxed,0.7832,6384.10,5125,5125,5125,0,0.000153,0.153,16259,28950528,54706176,1584.1,16384,50085888,1290.0,0.092,0.000,apfs,fullfsync,3097.5
base,3,1,16384,5000,relaxed,0.7732,6466.46,5125,5125,5125,0,0.000151,0.151,16259,54706176,79609856,1531.7,16384,75022336,1240.0,0.091,0.000,apfs,fullfsync,3097.5
base,4,1,16384,5000,relaxed,0.7869,6353.82,5125,5125,5125,0,0.000154,0.154,16259,79609856,104284160,1517.6,16384,100384768,1268.0,0.091,0.000,apfs,fullfsync,3097.5
base,5,1,16384,5000,relaxed,0.7737,6462.82,5125,5125,5125,0,0.000151,0.151,16259,104300544,129499136,1549.8,16384,124944384,1260.0,0.093,0.000,apfs,fullfsync,3097.5
new,run,threads,cache,measured_chunks,durability,total_s,ops_s,evictions,eviction_forced_wal_flushes,wal_batch_flushes,checkpoints,s_per_eviction,ms_per_eviction,loaded_chunks,rss_baseline_bytes,rss_current_bytes,rss_bytes_per_resident_chunk,loaded_after_warmup,rss_after_warmup_bytes,rss_bytes_per_warm_chunk,warmup_s,close_s,fs,durable_sync,durable_sync_median_us
new,1,1,16384,5000,relaxed,0.8200,6097.89,5125,5125,5125,0,0.000160,0.160,16259,1785856,28524544,1644.5,16384,23609344,1332.0,0.090,0.000,apfs,fullfsync,4058.7
new,2,1,16384,5000,relaxed,0.7704,6490.24,5125,5125,5125,0,0.000150,0.150,16259,28557312,53592064,1539.7,16384,49004544,1248.0,0.090,0.000,apfs,fullfsync,4058.7
new,3,1,16384,5000,relaxed,0.7794,6415.21,5125,5125,5125,0,0.000152,0.152,16259,53592064,77758464,1486.3,16384,73187328,1196.0,0.091,0.000,apfs,fullfsync,4058.7
new,4,1,16384,5000,relaxed,0.7751,6450.97,5125,5125,5125,0,0.000151,0.151,16259,77758464,102367232,1513.5,16384,98320384,1255.0,0.089,0.000,apfs,fullfsync,4058.7
new,5,1,16384,5000,relaxed,0.7759,6444.47,5125,5125,5125,0,0.000151,0.151,16259,102367232,127238144,1529.7,16384,122667008,1239.0,0.089,0.000,apfs,fullfsync,4058.7
new,run,threads,cache,measured_chunks,durability,total_s,ops_s,evictions,eviction_forced_wal_flushes,wal_batch_flushes,checkpoints,s_per_eviction,ms_per_eviction,loaded_chunks,rss_baseline_bytes,rss_current_bytes,rss_bytes_per_resident_chunk,loaded_after_warmup,rss_after_warmup_bytes,rss_bytes_per_warm_chunk,warmup_s,close_s,fs,durable_sync,durable_sync_median_us
new,1,1,16384,5000,relaxed,0.7699,6494.66,5125,5125,5125,0,0.000150,0.150,16259,1785856,28557312,1646.6,16384,23707648,1338.0,0.093,0.000,apfs,fullfsync,4012.0
new,2,1,16384,5000,relaxed,0.7775,6431.16,5125,5125,5125,0,0.000152,0.152,16259,28573696,52740096,1486.3,16384,48578560,1221.0,0.090,0.000,apfs,fullfsync,4012.0
new,3,1,16384,5000,relaxed,0.7775,6430.61,5125,5125,5125,0,0.000152,0.152,16259,52740096,78086144,1558.9,16384,73400320,1261.0,0.092,0.000,apfs,fullfsync,4012.0
new,4,1,16384,5000,relaxed,0.7723,6474.34,5125,5125,5125,0,0.000151,0.151,16259,78086144,102334464,1491.4,16384,97746944,1200.0,0.089,0.000,apfs,fullfsync,4012.0
new,5,1,16384,5000,relaxed,0.8272,6044.38,5125,5125,5125,0,0.000161,0.161,16259,102334464,126533632,1488.4,16384,121978880,1199.0,0.091,0.000,apfs,fullfsync,4012.0
base,run,threads,cache,measured_chunks,durability,total_s,ops_s,evictions,eviction_forced_wal_flushes,wal_batch_flushes,checkpoints,s_per_eviction,ms_per_eviction,loaded_chunks,rss_baseline_bytes,rss_current_bytes,rss_bytes_per_resident_chunk,loaded_after_warmup,rss_after_warmup_bytes,rss_bytes_per_warm_chunk,warmup_s,close_s,fs,durable_sync,durable_sync_median_us
base,1,1,16384,5000,relaxed,0.7775,6430.80,5125,5125,5125,0,0.000152,0.152,16259,1785856,28950528,1670.7,16384,24199168,1368.0,0.088,0.000,apfs,fullfsync,3057.7
base,2,1,16384,5000,relaxed,0.7684,6507.42,5125,5125,5125,0,0.000150,0.150,16259,28966912,54149120,1548.8,16384,49496064,1253.0,0.091,0.000,apfs,fullfsync,3057.7
base,3,1,16384,5000,relaxed,0.7784,6423.17,5125,5125,5125,0,0.000152,0.152,16259,54149120,79134720,1536.7,16384,74481664,1241.0,0.091,0.000,apfs,fullfsync,3057.7
base,4,1,16384,5000,relaxed,0.7710,6484.96,5125,5125,5125,0,0.000150,0.150,16259,79134720,104497152,1559.9,16384,99909632,1268.0,0.091,0.000,apfs,fullfsync,3057.7
base,5,1,16384,5000,relaxed,0.7654,6532.28,5125,5125,5125,0,0.000149,0.149,16259,104513536,129040384,1508.5,16384,124878848,1243.0,0.091,0.000,apfs,fullfsync,3057.7
